{"model_version":"alert-volume-v1","base_level":1,"trend":0.00013177929189606716,"weekday_factor":{"0":0.5,"1":0.5,"2":0.5,"3":0.5,"4":0.5,"5":0.5,"6":0.5},"feature_weights":{"asset_onboarding":0.15,"detection_changes":0.25,"holiday":-0.1,"maintenance_window":-0.2,"threat_activity":0.3},"residuals":[-0.35,-0.3501317792918961,-0.5002635585837921,-0.5003953378756882,-0.5005271171675842,-0.5006588964594804,-0.5007906757513764,-0.35092245504327246,-0.35105423433516847,-0.5011860136270646,-0.5013177929189607,-0.5014495722108567,-0.5015813515027528,-0.5017131307946489,-0.35184491008654495,-0.35197668937844095,-0.5021084686703371,-0.5022402479622331,-0.5023720272541292,-0.5025038065460252,-0.5026355858379213,-0.35276736512981743,-0.35289914442171344,-0.5030309237136096,-0.5031627030055056,-0.5032944822974017,-0.5034262615892977,-0.5035580408811938,-0.3536898201730898,-0.3538215994649859,-0.5039533787568821,-0.5040851580487781,-0.5042169373406742,-0.5043487166325702,-0.5044804959244663,-0.3546122752163623,-0.3547440545082584,-0.5048758338001544,-0.5050076130920506,-0.5051393923839467,-0.5052711716758427,-0.5054029509677388,-0.3555347302596348,-0.3556665095515309,-0.5057982888434269,-0.505930068135323,-0.506061847427219,-0.5061936267191152,-0.5063254060110112,-0.35645718530290726,-0.3565889645948034,-0.5067207438866994,-0.5068525231785955,-0.5069843024704915,-0.5071160817623876,-0.5072478610542837,-0.35737964034617975,-0.35751141963807576,-0.5076431989299719,-0.507774978221868,-0.507906757513764,-0.5080385368056601,-0.5081703160975561,-0.35830209538945224,-0.35843387468134824,-0.5085656539732444,-0.5086974332651404,-0.5088292125570365,-0.5089609918489326,-0.5090927711408286,-0.3592245504327247,-0.3593563297246207,-0.5094881090165169,-0.5096198883084129,-0.509751667600309,-0.509883446892205,-0.5100152261841011,-0.3601470054759971,-0.3602787847678932,-0.5104105640597894,-0.5105423433516854,-0.5106741226435815,-0.5108059019354775,-0.5109376812273736,-0.3610694605192696,-0.3612012398111657,-0.5113330191030617,-0.5114647983949578,-0.511596577686854,-0.51172835697875,-0.5118601362706461,-0.36199191556254207,-0.3621236948544382,-0.5122554741463342,-0.5123872534382303,-0.5125190327301263,-0.5126508120220225,-0.5127825913139186,-0.36291437060581455,-0.36304614989771067,-0.5131779291896067,-0.5133097084815028,-0.5134414877733988,-0.5135732670652949,-0.5137050463571909,-0.36383682564908704,-0.36396860494098304,-0.5141003842328792,-0.5142321635247753,-0.5143639428166713,-0.5144957221085674,-0.5146275014004634,-0.3647592806923595,-0.36489105998425553,-0.5150228392761517,-0.5151546185680477,-0.5152863978599438,-0.5154181771518399,-0.5155499564437359,-0.365681735735632,-0.365813515027528,-0.5159452943194242,-0.5160770736113202,-0.5162088529032163,-0.5163406321951123,-0.5164724114870084,-0.3666041907789045,-0.3667359700708005,-0.5168677493626966,-0.5169995286545926,-0.5171313079464888,-0.5172630872383848,-0.5173948665302809,-0.36752664582217687,-0.367658425114073,-0.517790204405969,-0.5179219836978651,-0.5180537629897612,-0.5181855422816573,-0.5183173215735534,-0.36844910086544935,-0.36858088015734547,-0.5187126594492415,-0.5188444387411376,-0.5189762180330336,-0.5191079973249297,-0.5192397766168259,-0.36937155590872184,-0.36950333520061796,-0.519635114492514,-0.5197668937844101,-0.5198986730763061,-0.5200304523682022,-0.5201622316600982,-0.3702940109519943,-0.37042579024389044,-0.5205575695357865,-0.5206893488276826,-0.5208211281195786,-0.5209529074114747,-0.5210846867033707,-0.3712164659952668,-0.3713482452871628,-0.521480024579059,-0.521611803870955,-0.5217435831628511,-0.5218753624547472,-0.5220071417466432,-0.3721389210385393,-0.3722707003304353,-0.5224024796223314,-0.5225342589142274,-0.5226660382061236,-0.5227978174980196,-0.5229295967899157,-0.3730613760818118,-0.3731931553737078,-0.5233249346656039,-0.5234567139574999,-0.523588493249396,-0.523720272541292,-0.5238520518331882,-0.37398383112508415,-0.37411561041698027,-0.5242473897088764,-0.5243791690007724,-0.5245109482926685,-0.5246427275845645,-0.5247745068764607,-0.37490628616835664,-0.37503806546025276,-0.5251698447521488,-0.5253016240440449,-0.5254334033359409,-0.525565182627837,-0.5256969619197331,-0.3758287412116291,-0.37596052050352524,-0.5260922997954213,-0.5262240790873174,-0.5263558583792134,-0.5264876376711095,-0.5266194169630055,-0.3767511962549016,-0.3768829755467977,-0.5270147548386938,-0.5271465341305899,-0.5272783134224859,-0.527410092714382,-0.527541872006278,-0.3776736512981741,-0.3778054305900701,-0.5279372098819662,-0.5280689891738624,-0.5282007684657584,-0.5283325477576545,-0.5284643270495505,-0.3785961063414466,-0.3787278856333426,-0.5288596649252387,-0.5289914442171347,-0.5291232235090308,-0.5292550028009269,-0.529386782092823,-0.37951856138471907,-0.3796503406766151,-0.5297821199685112,-0.5299138992604072,-0.5300456785523033,-0.5301774578441993,-0.5303092371360955,-0.38044101642799144,-0.38057279571988756,-0.5307045750117837,-0.5308363543036797,-0.5309681335955758,-0.5310999128874718,-0.5312316921793679,-0.3813634714712639,-0.38149525076316004,-0.5316270300550561,-0.5317588093469522,-0.5318905886388483,-0.5320223679307443,-0.5321541472226404,-0.3822859265145364,-0.38241770580643253,-0.5325494850983286,-0.5326812643902247,-0.5328130436821207,-0.5329448229740168,-0.5330766022659128,-0.3832083815578089,-0.383340160849705,-0.533471940141601,-0.5336037194334972,-0.5337354987253932,-0.5338672780172893,-0.5339990573091853,-0.3841308366010814,-0.3842626158929774,-0.5343943951848735,-0.5345261744767696,-0.5346579537686657,-0.5347897330605618,-0.5349215123524578,-0.38505329164435387,-0.3851850709362499,-0.535316850228146,-0.535448629520042,-0.5355804088119381,-0.5357121881038343,-0.5358439673957303,-0.38597574668762635,-0.38610752597952236,-0.5362393052714185,-0.5363710845633145,-0.5365028638552106,-0.5366346431471066,-0.5367664224390027,-0.3868982017308987,-0.38702998102279484,-0.537161760314691,-0.537293539606587,-0.5374253188984831,-0.5375570981903791,-0.5376888774822752,-0.3878206567741712,-0.38795243606606733,-0.5380842153579634,-0.5382159946498595,-0.5383477739417556,-0.5384795532336516,-0.5386113325255477,-0.3887431118174437,-0.3888748911093398,-0.5390066704012358,-0.539138449693132,-0.539270228985028,-0.5394020082769241,-0.5395337875688202,-0.3896655668607162,-0.3897973461526123,-0.5399291254445083,-0.5400609047364044,-0.5401926840283005,-0.5403244633201966,-0.5404562426120926,-0.39058802190398867,-0.3907198011958847,-0.5408515804877808,-0.5409833597796769,-0.5411151390715729,-0.541246918363469,-0.5413786976553651,-0.39151047694726115,-0.39164225623915716,-0.5417740355310533,-0.5419058148229493,-0.5420375941148454,-0.5421693734067415,-0.5423011526986375,-0.39243293199053364,-0.39256471128242965,-0.5426964905743258,-0.5428282698662218,-0.5429600491581179,-0.5430918284500139,-0.54322360774191,-0.3933553870338061,-0.39348716632570213,-0.5436189456175983,-0.5437507249094943,-0.5438825042013904,-0.5440142834932864,-0.5441460627851825,-0.3942778420770785,-0.3944096213689746,-0.5445414006608706,-0.5446731799527668,-0.5448049592446629,-0.5449367385365589,-0.545068517828455,-0.395200297120351,-0.3953320764122471,-0.5454638557041431,-0.5455956349960392,-0.5457274142879353,-0.5458591935798314,-0.5459909728717275,-0.39612275216362347,-0.3962545314555196,-0.5463863107474156,-0.5465180900393117,-0.5466498693312077,-0.5467816486231039,-0.5469134279149999,-0.39704520720689596,-0.3971769864987921,-0.5473087657906881,1.1025594549174158,-0.5475723243744802,-0.5477041036663763,-0.5478358829582723,-2.1979676622501683],"last_timestamp":"2026-03-14T00:00:00Z","last_observed":0}